{"rmse": 15.416496020312305, "mae": 14.92918176936223, "r2": 0.9775487148383559, "train_split": 0.8, "test_split": 0.2}